Data,Otwarcie,Zamknięcie,Maks.,Min.,Obrót (mln. zł),Zmiana (%)
2022-04-14,19.36,18.82,19.36,18.82,0.62,0
2022-04-15,18.82,18.82,18.82,18.82,0,0
2022-04-14,19.36,18.82,19.36,18.82,0.62,-1.88
2022-04-13,18.88,19.18,19.7,18.5,2.89,2.13
2022-04-12,18.89,18.78,18.92,18.44,1.18,-0.11
2022-04-11,19.26,18.8,19.26,18.6,2.54,-2.08
2022-04-08,19.3,19.2,19.36,18.8,4.73,0
2022-04-07,19.12,19.2,19.7,19.11,0.65,-1.03
2022-04-06,19.55,19.4,19.69,19.02,1.41,-0.77
2022-04-05,19.98,19.55,20.28,19.44,1.85,-2.1
2022-04-04,20.46,19.97,20.78,19.76,0.98,-0.65
2022-04-01,20.4,20.1,20.5,19.8,4.4,-0.5
2022-03-31,20.94,20.2,20.94,20.1,2.71,-2.42
2022-03-30,21.78,20.7,22,20.7,3.15,-1.52
2022-03-29,21.5,21.02,22.42,20.42,10.1,0.19
2022-03-28,19.72,20.98,21.8,19.72,5.17,7.59
2022-03-25,19.5,19.5,19.98,19.24,5.74,0
2022-03-24,19.5,19.5,20,19.4,1.44,0
2022-03-23,19.79,19.5,19.79,19.38,0.73,0.05
2022-03-22,19.86,19.49,19.86,19.2,1.04,0.98
2022-03-21,19.71,19.3,20.32,19.15,3.02,-2.23
2022-03-18,19.64,19.74,19.8,19.06,2.76,1.28
2022-03-17,20.58,19.49,20.58,18.95,3.82,-1.32
2022-03-16,18.64,19.75,20.2,18.6,6.62,6.76
2022-03-15,18.86,18.5,18.86,18.32,1.02,-0.64
2022-03-14,19.5,18.62,19.5,18.52,1.65,-4.02
2022-03-11,19.79,19.4,19.79,19.05,1.87,1.04
2022-03-10,19.94,19.2,19.99,19.1,3.01,-0.78
2022-03-09,19.5,19.35,20,18.65,3.41,1.84
2022-03-08,19.1,19,19.79,18.4,2.46,-1.81
2022-03-07,20.3,19.35,20.3,18.6,2.29,-4.68
2022-03-04,21,20.3,21.06,19.84,1.04,-3.33
2022-03-03,22,21,22,20.18,3.35,-0.28
2022-03-02,23.2,21.06,23.2,21.06,2.49,-8.03
2022-03-01,23.36,22.9,25.48,22,1.83,-0.43
2022-02-28,22.2,23,23.48,22.06,1.46,-2.04
2022-02-25,22.3,23.48,23.52,21.86,2.07,6.24
2022-02-24,21.56,22.1,22.46,18,8.92,-7.92
2022-02-23,24.5,24,25.44,23.82,1.42,-2.04
2022-02-22,23.56,24.5,24.9,23.4,2.12,1.24
2022-02-21,25.86,24.2,26.2,23.4,2.25,-7.14
2022-02-18,26.02,26.06,26.7,25.92,0.86,-1.73
2022-02-17,26.06,26.52,26.6,25.86,1.58,0.15
2022-02-16,26.8,26.48,26.8,26.04,0.94,-0.45
2022-02-15,26.3,26.6,26.9,26.3,1.5,0.3
2022-02-14,26,26.52,26.86,25.54,4.12,-4.19
2022-02-11,27.4,27.68,27.68,26.7,6.81,0.65
2022-02-10,27,27.5,27.7,26.9,0.7,3.15
2022-02-09,27.6,26.66,27.9,26.66,4.93,-2.98
2022-02-08,27,27.48,27.68,26.98,0.69,2.54
2022-02-07,27.34,26.8,27.34,26.68,0.66,-1.54
2022-02-04,26.78,27.22,27.34,26.5,1.11,0.52
2022-02-03,27.5,27.08,27.5,26.32,1.31,0.67
2022-02-02,25.6,26.9,27.2,25.5,2.08,5.91
2022-02-01,25.94,25.4,26.14,25.4,0.43,1.11
2022-01-31,25.1,25.12,25.86,25.1,0.87,0.24
2022-01-28,25.6,25.06,25.76,25.06,1.03,-1.96
2022-01-27,25.62,25.56,25.82,25.26,0.69,-1.31
2022-01-26,25.44,25.9,26.42,25.44,1.6,2.21
2022-01-25,25.32,25.34,26.32,25.16,1.85,-0.86
2022-01-24,26.8,25.56,27.04,24.92,3.47,-4.34
2022-01-21,26.56,26.72,26.98,26.08,1.41,-0.3
2022-01-20,26.86,26.8,27.38,26.18,5,1.06
2022-01-19,27.9,26.52,27.9,26.52,1.63,-5.15
2022-01-18,28.18,27.96,28.28,27.5,6.82,-0.92
2022-01-17,27.5,28.22,28.5,27.5,1.36,2.1
2022-01-14,28,27.64,28,27.5,0.73,-1.29
2022-01-13,28.5,28,28.96,27.9,1.16,0.36
2022-01-12,28.22,27.9,28.84,27.64,2.96,-0.78
2022-01-11,28.5,28.12,28.5,27.9,0.66,0
2022-01-10,28.94,28.12,28.94,28,0.69,-2.36
2022-01-07,28.9,28.8,28.96,27.7,1.71,2.06
2022-01-05,28.4,28.22,29,28.14,1.28,-1.26
2022-01-04,27.56,28.58,28.92,27.46,2.1,2.81
2022-01-03,27.98,27.8,28,27.44,0.5,0.29
2021-12-31,27.72,27.72,27.72,27.72,0,0
2021-12-30,28.3,27.72,28.3,27.28,1.17,-1.14
2021-12-29,27,28.04,28.04,27,0.84,3.09
2021-12-28,26.8,27.2,27.4,26.62,3.61,-0.87
2021-12-27,27.24,27.44,27.58,26.78,1.38,-0.58
2021-12-24,27.6,27.6,27.6,27.6,0,0
2021-12-23,27.86,27.6,28.2,27.04,0.96,0.36
2021-12-22,28.48,27.5,28.86,27.42,0.9,-3.44
2021-12-21,27,28.48,28.48,26.98,2.13,4.17
2021-12-20,27.44,27.34,28,25.98,1.65,-0.22
2021-12-17,27.58,27.4,28.18,27.26,2.93,-1.79
2021-12-16,27.72,27.9,28.28,27.52,0.61,1.68
2021-12-15,27.78,27.44,28.08,27.24,1.17,-2
2021-12-14,28.02,28,28.2,27.22,2.4,-1.13
2021-12-13,28.7,28.32,28.78,28.02,1.66,-0.77
2021-12-10,28.4,28.54,28.64,28.12,1.25,0.49
2021-12-09,29.08,28.4,29.26,28.02,3.74,-1.87
2021-12-08,29,28.94,29.3,28.52,0.52,0.14
2021-12-07,28.86,28.9,29.46,28.58,0.9,2.12
2021-12-06,29,28.3,29.02,28.26,1.87,-2.01
2021-12-03,28.5,28.88,28.88,28.06,1.56,3.07
2021-12-02,28.52,28.02,28.88,28.02,1.15,-3.31
2021-12-01,28.12,28.98,29.18,28.12,1.05,1.97
2021-11-30,28.42,28.42,28.42,28.42,0,0
2021-11-29,28,28.42,28.92,27.5,2.51,0.78
2021-11-26,28.36,28.2,28.6,27.2,4.12,-2.56
2021-11-25,29.78,28.94,30,28.9,0.51,-2.23
2021-11-24,29.26,29.6,29.94,29.26,0.66,0.2
2021-11-23,29.08,29.54,30.38,28.78,1.54,1.16
2021-11-22,29.56,29.2,29.72,28.72,4.31,-2.54
2021-11-19,31.4,29.96,31.4,28.4,9.71,-4.65
2021-11-18,31.54,31.42,31.54,30.84,1.69,-0.51
2021-11-17,32.2,31.58,32.2,31.2,2.83,-1.93
2021-11-16,31.4,32.2,32.2,31.4,1.71,2.68
2021-11-15,31.68,31.36,32.82,31.04,7.6,0.26
2021-11-12,31.6,31.28,32.08,31.2,8.5,0.26
2021-11-10,30.7,31.2,31.38,30.34,1.3,-0.89
2021-11-09,31.88,31.48,31.88,30.96,0.68,-1.32
2021-11-08,31.3,31.9,31.9,30.92,1.09,1.92
2021-11-05,30.22,31.3,31.42,30.22,1.29,2.62
2021-11-04,30,30.5,31.28,29.26,2.34,1.33
2021-11-03,31.7,30.1,31.7,29.9,3.75,-4.14
2021-11-02,32.72,31.4,32.9,31.1,1.78,-1.81
2021-10-29,31.42,31.98,32.48,31.26,2.06,0.95
2021-10-28,32,31.68,32.6,31.6,1.89,-1
2021-10-27,32,32,32.48,31.32,2.68,0
2021-10-26,31.3,32,32.92,31.3,3.55,0.31
2021-10-25,32,31.9,32,31.4,1.84,-0.31
2021-10-22,31.28,32,32,31.2,0.99,1.65
2021-10-21,31.7,31.48,31.86,30.94,1.33,-1.32
2021-10-20,32.22,31.9,32.22,31.52,1.22,-0.93
2021-10-19,32.78,32.2,32.96,31.7,2.42,-2.13
2021-10-18,32.38,32.9,33.1,31.9,7.38,2.43
2021-10-15,31.4,32.12,32.4,31.02,6.98,3.61
2021-10-14,30.6,31,31.2,30.32,6.47,1.64
2021-10-13,30.1,30.5,30.68,30.1,0.93,1.33
2021-10-12,30.7,30.1,30.9,30.1,2.24,-2.59
2021-10-11,30.3,30.9,30.9,30.28,1.18,1.98
2021-10-08,30,30.3,30.8,30,1.6,0.46
2021-10-07,29.58,30.16,30.16,29.22,1.22,0.53
2021-10-06,30.12,30,30.16,29.2,2.32,-0.66
2021-10-05,29.88,30.2,30.42,29.88,0.68,1.34
2021-10-04,30.7,29.8,30.98,29.4,2.09,-0.73
2021-10-01,30.02,30.02,30.7,29.7,4.57,-1.18
2021-09-30,30.3,30.38,30.98,30.08,1.61,0.26
2021-09-29,29.7,30.3,30.4,29.14,1.83,4.48
2021-09-28,30.42,29,30.42,29,4.8,-3.2
2021-09-27,30,29.96,30.4,29.64,0.77,-1.06
2021-09-24,30.68,30.28,30.74,30,0.53,0.26
2021-09-23,30.2,30.2,30.2,30.2,0,0
2021-09-22,29.76,30.2,30.36,29.74,1.01,1.48
2021-09-21,29,29.76,29.76,29,0.54,1.57
2021-09-20,29.9,29.3,30,28.4,2.93,-2.98
2021-09-17,30.8,30.2,30.88,29.76,2.07,-1.95
2021-09-16,30.22,30.8,30.8,29.48,2.99,0.26
2021-09-15,30.24,30.72,31.2,29.98,2.35,0.92
2021-09-14,30.6,30.44,30.98,30.22,1.21,-0.13
2021-09-13,30.22,30.48,30.5,30.12,1.05,0.07
2021-09-10,30.3,30.46,30.6,30.22,0.46,0.46
2021-09-09,31.2,30.32,31.22,30.12,1.3,-2.94
2021-09-08,30.7,31.24,31.26,30.42,1.24,2.02
2021-09-07,30.7,30.62,31.28,30.6,0.82,-0.33
2021-09-06,30.4,30.72,30.96,30.4,0.94,1.19
2021-09-03,30.24,30.36,30.86,30.22,1.2,-0.78
2021-09-02,30.24,30.6,30.98,30.22,1.75,0.66
2021-09-01,30.9,30.4,31.1,30.02,2.05,-3.12
2021-08-31,32,31.38,32.26,31,2.1,-2.85
2021-08-30,32.3,32.3,32.3,31.54,2.42,0
2021-08-27,31.9,32.3,32.3,31.24,4.22,0
2021-08-26,31,32.3,32.3,30.82,11.03,7.67
2021-08-25,28.72,30,30.28,28.72,2.1,3.88
2021-08-24,29,28.88,29.12,28.72,0.39,0.56
2021-08-23,28.36,28.72,29.34,28.32,0.76,1.48
2021-08-20,28.78,28.3,29.52,28.12,1.37,-1.05
2021-08-19,28.78,28.6,28.78,28,1,-0.63
2021-08-18,28.8,28.78,29.06,28.6,0.47,-0.07
2021-08-17,28.8,28.8,29.02,28.52,0.69,-1.71
2021-08-16,29.5,29.3,29.5,28.74,1.45,-0.81
2021-08-13,29.5,29.54,29.78,29.34,5.64,-0.2
2021-08-12,29.38,29.6,29.94,29.2,1,0.95
2021-08-11,29.1,29.32,29.32,28.68,0.75,2.09
2021-08-10,28.82,28.72,29.28,28.62,0.68,0.42
2021-08-09,29.54,28.6,29.82,28.5,2.43,-2.79
2021-08-06,30,29.42,30.28,29,2.06,-2.06
2021-08-05,29.18,30.04,30.68,29.02,3.96,2.95
2021-08-04,28.32,29.18,29.28,27.66,4.09,8.88
2021-08-03,26.6,26.8,27.28,26.6,1.7,0.68
2021-08-02,26.56,26.62,27.24,26.28,1.44,1.6
2021-07-30,26.5,26.2,26.52,26,2.01,-1.87
2021-07-29,26.66,26.7,27.08,26.44,0.77,-1.04
2021-07-28,26.24,26.98,27.16,26.14,0.88,2.04
2021-07-27,26.7,26.44,26.7,26.04,2.15,-0.38
2021-07-26,27,26.54,27,25.82,2.63,0.15
2021-07-23,26.7,26.5,26.7,26.1,3.4,0.91
2021-07-22,26.78,26.26,26.8,25.82,6.5,-1.35
2021-07-21,26.52,26.62,26.94,26.26,1.73,0.45
2021-07-20,26.94,26.5,27.54,26.2,2.46,-1.63
2021-07-19,27.9,26.94,27.9,26.42,3.21,-3.79
2021-07-16,28.2,28,28.2,27.3,3.24,0
2021-07-15,28.2,28,28.38,27.3,4.87,-0.71
2021-07-14,27.26,28.2,28.62,27.02,5.33,4.06
2021-07-13,25.1,27.1,27.6,25.1,3.06,7.97
2021-07-12,25.96,25.1,26.06,25.02,5.33,-2.41
2021-07-09,26.18,25.72,26.28,25.44,3.27,-2.43
2021-07-08,26.88,26.36,26.88,26.14,4.31,-1.93
2021-07-07,26.98,26.88,27.26,26.32,2.05,0.3
2021-07-06,27,26.8,27.34,26.32,2.37,-0.52
2021-07-05,26.78,26.94,27.4,26.22,2.69,1.97
2021-07-02,26.88,26.42,27,26,2.53,0.76
2021-07-01,25.84,26.22,26.74,25.72,3.73,1.39
2021-06-30,27.98,25.86,27.98,25.78,8.89,-6.78
2021-06-29,28.94,27.74,28.94,27.62,6.41,-3.61
2021-06-28,27.9,28.78,28.8,27.9,3.15,3.15
2021-06-25,28.38,27.9,28.46,27.42,7.45,-0.85
2021-06-24,28.48,28.14,28.82,28,3.89,-1.05
2021-06-23,29,28.44,29.2,28.32,4.02,-0.97
2021-06-22,29.46,28.72,29.76,28.52,5.7,-3.82
2021-06-21,29.66,29.86,30.28,28.9,2.43,0.61
2021-06-18,30.1,29.68,30.54,28.02,11.23,-1.26
2021-06-17,30.66,30.06,31.18,30.04,3.77,-1.44
2021-06-16,31.58,30.5,31.58,30.5,3.82,-1.74
2021-06-15,31.4,31.04,32.06,30.98,2.36,-1.34
2021-06-14,31.56,31.46,32.14,31.4,2.08,-0.63
2021-06-11,31.8,31.66,31.96,31.32,1.67,-0.13
2021-06-10,32,31.7,32.1,31.6,1.75,-0.94
2021-06-09,32,32,32.34,31.82,7.9,0.63
2021-06-08,32.42,31.8,32.5,31.54,6.98,-2.15
2021-06-07,32.98,32.5,33.2,32.46,1.41,-1.52
2021-06-04,32.36,33,33.46,32.36,2.63,2.29
2021-06-03,32.26,32.26,32.26,32.26,0,0
2021-06-01,32.2,32.26,33.18,32.2,4.7,0.56
2021-05-31,32,32.08,32.42,31.42,3.17,2.95
2021-05-28,31,31.16,31.74,30.98,3.5,0.65
2021-05-27,31.18,30.96,31.58,30.94,3.26,-0.13
2021-05-26,31.68,31,31.78,30.5,3.36,0
2021-05-25,31.04,31,31.38,30.3,2.11,0.32
2021-05-24,31.3,30.9,31.34,30.84,2.75,-0.96
2021-05-21,31.22,31.2,31.46,31.08,3.79,-0.06
2021-05-20,31.8,31.22,31.98,30.76,2.62,-0.89
2021-05-19,31.98,31.5,32.58,31.04,2.3,-1.56
2021-05-18,32,32,32.96,31.98,3,0
2021-05-17,31.3,32,32.5,31.16,6.12,2.43
2021-05-14,31,31.24,31.48,30.72,4.27,1.1
2021-05-13,31.5,30.9,31.5,30.72,2.68,-0.13
2021-05-12,31.96,30.94,32.12,30.7,3.25,-3.19
2021-05-11,31.92,31.96,32,31.52,10.5,-0.13
2021-05-10,31,32,32.46,31,7.11,3.09
2021-05-07,31.34,31.04,31.48,31,2.55,-0.96
2021-05-06,31.76,31.34,31.82,31.18,1.76,0.06
2021-05-05,30.98,31.32,31.8,30.98,1.9,1.16
2021-05-04,31.8,30.96,32,30.94,3.23,-2.03
2021-04-30,32,31.6,32.28,31.5,1.42,0
2021-04-29,32.5,31.6,32.96,31.6,2.74,-1.25
2021-04-28,30.7,32,33.76,30.7,8.93,4.23
2021-04-27,31.7,30.7,32.46,30.56,4.79,-2.54
2021-04-26,32.7,31.5,32.88,31.4,3.05,-2.78
2021-04-23,33.06,32.4,33.42,32.34,15.76,-3.28
2021-04-22,33.46,33.5,33.84,33,1.55,-0.77
2021-04-21,34,33.76,34.02,33.4,1.43,-0.24
2021-04-20,33.44,33.84,34,33.42,1.12,1.62
2021-04-19,34,33.3,34.04,33.3,2.03,-2.06
2021-04-16,34,34,34.04,33.82,1.46,0
2021-04-15,34.02,34,34.02,33.22,2.32,0
2021-04-14,33.4,34,34.04,33,3.67,1.8
2021-04-13,33.9,33.4,34.02,33.32,2.24,-1.71
2021-04-12,33.8,33.98,34.08,33.46,8.7,1.13
2021-04-09,33.5,33.6,33.84,32.82,10.79,2.5
2021-04-08,33.48,32.78,33.48,32.58,0.87,-0.85
2021-04-07,33,33.06,33.74,32.86,1.5,0.3
2021-04-06,32.3,32.96,33.18,31.62,11.36,4.63
2021-04-05,31.5,31.5,31.5,31.5,0,0
2021-04-02,31.5,31.5,31.5,31.5,0,0
2021-04-01,32.8,31.5,32.82,31.4,1.38,-1.56
2021-03-31,32.5,32,32.8,31.75,34.83,-1.84
2021-03-30,32,32.6,32.85,31.85,3.94,2.03
2021-03-29,31.9,31.95,32.45,31.65,5.17,1.91
2021-03-26,30.6,31.35,31.75,30.6,3.02,1.46
2021-03-25,31.6,30.9,31.85,30,6.55,-2.52
2021-03-24,32,31.7,32.9,31.45,10.86,-0.94
2021-03-23,32.85,32,32.85,32,2.86,-2.59
2021-03-22,32.55,32.85,33.95,32.5,1.25,-0.45
2021-03-19,33.5,33,33.65,32.85,5.64,-2.65
2021-03-18,33.5,33.9,34.15,33.5,3.71,-0.29
2021-03-17,33.6,34,34.4,33.1,4.06,-1.45
2021-03-16,34.25,34.5,34.65,33.6,2.48,0.88
2021-03-15,33.85,34.2,34.4,33.6,2.18,4.11
2021-03-11,33.3,32.85,33.4,32.2,1.47,-0.76
2021-03-10,32.1,33.1,33.1,32.1,3.04,4.42
2021-03-09,32.5,31.7,33.2,31.5,5.7,-2.76
2021-03-08,32,32.6,32.65,31.8,3.67,1.88
2021-03-05,32.75,32,32.75,31.45,10.14,-3.03
2021-03-04,31.8,33,33,31.45,1.67,3.77
2021-03-03,33,31.8,33.5,31.55,3.51,-3.64
2021-03-02,32.95,33,33.6,32.25,2.09,1.07
2021-03-01,31.95,32.65,32.9,31.9,1.82,2.19
2021-02-26,32.5,31.95,32.85,30.7,4.04,-4.63
2021-02-25,34,33.5,34,33,2.63,-1.47
2021-02-24,33.5,34,34,32.8,2.76,1.04
2021-02-23,33.25,33.65,33.9,31.5,3.73,-0.44
2021-02-22,33.4,33.8,33.8,32.75,5.49,-0.59
2021-02-19,33.65,34,34.2,33.65,2.21,0
2021-02-18,34.3,34,34.3,33.3,2.6,-0.87
2021-02-17,34.5,34.3,35,34,5.62,-0.58
2021-02-16,33.6,34.5,34.85,33.5,6.21,2.68
2021-02-15,32.8,33.6,34,32.35,5.18,4.35
2021-02-12,32.8,32.2,32.95,31.75,1.83,-1.83
2021-02-11,32.25,32.8,33.1,31.7,6.39,1.39
2021-02-10,32.4,32.35,32.65,31.5,3.76,0.47
2021-02-09,32,32.2,32.45,31.5,6.01,-0.62
2021-02-08,30.5,32.4,33.35,30.3,20.83,6.93
2021-02-05,29.7,30.3,30.5,29.1,4.77,2.71
2021-02-04,29.1,29.5,29.85,28.75,2.95,3.15
2021-02-03,28.4,28.6,29.3,27.7,9.33,1.06
2021-02-02,28.45,28.3,28.45,28,1.04,0.71
2021-02-01,28.4,28.1,28.5,27.65,1.88,-0.88
2021-01-29,28.2,28.35,28.35,27.3,1.73,0.53
2021-01-28,28,28.2,28.5,27.1,1.7,-0.35
2021-01-27,28.45,28.3,29,27.5,1.93,0.71
2021-01-26,28.1,28.1,28.4,27.6,1.6,0.72
2021-01-25,28.25,27.9,28.5,27.1,2.07,-1.24
2021-01-22,28.2,28.25,28.5,27.65,4.17,1.44
2021-01-21,28,27.85,28.65,27.85,2.2,-0.54
2021-01-20,27.7,28,28.15,27.55,0.99,1.63
2021-01-19,28.1,27.55,28.45,27.5,1.6,-1.96
2021-01-18,27.45,28.1,28.1,27.45,1.72,2.74
2021-01-15,27.85,27.35,28.3,27.05,1.93,0.18
2021-01-14,27.4,27.3,28.55,27.2,3.64,0.37
2021-01-13,28.8,27.2,28.85,26.7,15.51,-6.21
2021-01-12,29.1,29,29.5,28.55,5.35,-1.02
2021-01-11,30,29.3,30.1,28.8,4.04,-2.33
2021-01-08,29.5,30,30.15,29.45,8.78,1.69
2021-01-07,30,29.5,30.15,28.8,4.05,-1.34
2021-01-05,30.7,29.9,30.7,29.25,7.21,-2.76
2021-01-04,28,30.75,30.75,28,9.5,11.01
2020-12-31,27.7,27.7,27.7,27.7,0,0
2020-12-30,29.1,27.7,29.7,27.55,8.18,-5.46
2020-12-29,28.1,29.3,29.5,27.9,10.45,4.64
2020-12-28,26.2,28,28.3,26.2,7.07,6.87
2020-12-24,26.2,26.2,26.2,26.2,0,0
2020-12-23,25.2,26.2,26.35,25.2,2.19,2.54
2020-12-22,25,25.55,25.75,24.45,2.22,1.39
2020-12-21,25.3,25.2,25.45,24.6,3.81,-3.82
2020-12-18,25,26.2,26.45,25,3.61,0.77
2020-12-17,26.6,26,27.4,24.6,7.64,-2.26
2020-12-16,26.2,26.6,26.6,25,3.06,1.92
2020-12-15,25.4,26.1,26.25,25.1,3.64,3.57
2020-12-14,26.2,25.2,26.85,24.2,7.4,-3.82
2020-12-11,27.6,26.2,27.6,25.8,3.93,-4.03
2020-12-10,28.4,27.3,28.4,26.95,4.3,-3.87
2020-12-09,27.05,28.4,28.5,27.05,10.78,4.6
2020-12-08,26,27.15,27.15,25.8,6.84,5.23
2020-12-07,26.1,25.8,26.1,25.25,2.83,-0.77
2020-12-04,26.05,26,26.5,25.65,4.69,0
2020-12-03,25.65,26,26.1,25,2.79,2.36
2020-12-02,25.2,25.4,25.8,25,2.4,1.8
2020-12-01,24.35,24.95,26,24.3,4.88,2.04
2020-11-30,26.7,24.45,26.7,24.3,8.21,-8.43
2020-11-27,25.9,26.7,26.75,25.2,4.5,3.09
2020-11-26,25.05,25.9,26.4,24.7,22.93,3.39
2020-11-25,24.5,25.05,25.2,24.4,10.31,2.66
2020-11-24,24.55,24.4,24.55,24.05,4.5,0
2020-11-23,23.9,24.4,24.4,23.45,3.78,0.83
2020-11-20,24.4,24.2,24.6,23.7,3.26,-1.02
2020-11-19,24.8,24.45,24.8,23.75,3.4,0.41
2020-11-18,23.5,24.35,24.5,23,3.82,1.88
2020-11-17,23.85,23.9,25,22.4,8.33,0.21
2020-11-16,22.4,23.85,24.1,22.35,8.06,7.19
2020-11-13,22,22.25,22.35,21.15,7.59,1.14
2020-11-12,22.4,22,22.85,20.2,13.64,0
2020-11-10,20.8,22,22.8,19.32,23.04,4.76
2020-11-09,16.6,21,21,15.84,6.84,29.31
2020-11-06,16.5,16.24,16.78,15.5,1.84,-0.37
2020-11-05,14.9,16.3,16.58,14.9,3.05,10.14
2020-11-04,15.8,14.8,15.8,14.6,2.36,-3.27
2020-11-03,15,15.3,15.56,14.62,2.63,2.68
2020-11-02,13.96,14.9,15.1,13.64,3.29,8.28
2020-10-30,13.7,13.76,14.14,13.62,2.96,1.18
2020-10-29,14.16,13.6,14.26,13.42,4.34,-5.56
2020-10-28,14.8,14.4,14.8,14.12,2.91,-0.83
2020-10-27,14.5,14.52,14.92,14.32,4.67,1.54
2020-10-26,15.68,14.3,15.68,14.12,5.04,-8.92
2020-10-23,16.5,15.7,16.68,15.34,15.83,-6.44
2020-10-22,16.5,16.78,17.08,16.5,1.79,1.7
2020-10-21,17,16.5,17,16.5,3.32,-2.94
2020-10-20,16.6,17,17.08,16.42,2.65,1.67
2020-10-19,17.1,16.72,17.38,16.62,1.85,-1.42
2020-10-16,16.64,16.96,17.14,16.52,2.91,1.92
2020-10-15,17.5,16.64,17.52,16.52,2.97,-4.37
2020-10-14,17.6,17.4,18.08,17.22,2.69,-1.14
2020-10-13,18.28,17.6,18.28,17.46,2.81,-4.35
2020-10-12,18.48,18.4,18.7,18.04,1.49,-0.43
2020-10-09,19,18.48,19.1,18.2,2.56,-2.74
2020-10-08,20.25,19,20.5,18.72,8.84,-5.94
2020-10-07,20.4,20.2,21.05,20,3.82,0
2020-10-06,19.8,20.2,20.35,19.52,3.43,3.59
2020-10-05,18.98,19.5,19.88,18.98,2.98,3.17
2020-10-02,18.5,18.9,18.98,18.06,3.19,2.38
2020-10-01,17.7,18.46,18.46,17.44,3.75,4.89
2020-09-30,17.7,17.6,17.9,17.1,2.98,-0.45
2020-09-29,17.54,17.68,17.68,17,3.72,1.73
2020-09-28,17,17.38,18.28,17,3.72,3.82
2020-09-25,17.3,16.74,17.48,16.36,13.85,-3.24
2020-09-24,17.6,17.3,18,17.02,5.03,-2.59
2020-09-23,19.26,17.76,19.26,17.62,3.33,-6.53
2020-09-22,19.8,19,19.86,18.84,5.64,-3.55
2020-09-21,20.3,19.7,20.3,19.5,3.72,-1.75
2020-09-18,20.35,20.05,20.35,19.88,2.87,-1.47
2020-09-17,19.8,20.35,20.35,19.78,1.48,1.5
2020-09-16,19.8,20.05,20.05,19.7,1.11,0.25
2020-09-15,20.1,20,20.35,19.52,1.28,-0.5
2020-09-14,20.6,20.1,20.95,19.8,2.45,-1.95
2020-09-11,19.84,20.5,20.8,19.68,1.95,3.74
2020-09-10,20.35,19.76,20.35,19.76,0.92,-1.69
2020-09-09,20,20.1,20.6,19.9,1.08,0.5
2020-09-08,20.85,20,20.9,19.08,3.7,-2.68
2020-09-07,20.25,20.55,20.95,20.1,1.17,0.49
2020-09-04,20.5,20.45,20.8,20.15,2.2,-1.92
2020-09-03,20.35,20.85,21.3,20.05,4.34,3.99
2020-09-02,21,20.05,21,19.9,2,-0.25
2020-09-01,21.1,20.1,21.15,19.6,3.3,-3.83
2020-08-31,20,20.9,21.7,20,7.18,5.45
2020-08-28,20.2,19.82,20.4,19.72,1.36,-1.88
2020-08-27,20.8,20.2,20.8,19.86,4.85,-1.46
2020-08-26,20.8,20.5,20.85,20.15,1.59,-1.68
2020-08-25,20,20.85,21.45,19.8,5.28,5.3
2020-08-24,20.25,19.8,20.25,19.62,2.35,-1.25
2020-08-21,20.2,20.05,20.2,19.22,3.36,-0.5
2020-08-20,19.7,20.15,20.2,19.42,2.73,3.87
2020-08-19,20.35,19.4,20.55,19.36,3.12,-4.67
2020-08-18,21.8,20.35,21.8,20.15,5.09,-5.79
2020-08-17,21.75,21.6,21.9,21,2.48,1.17
2020-08-14,22,21.35,22.5,21.1,7.95,-1.39
2020-08-13,19.6,21.65,22.55,19.6,23.36,12.53
2020-08-12,18,19.24,19.46,17.94,12.02,6.89
2020-08-11,17.84,18,18.16,17.66,7.13,2.86
2020-08-10,18,17.5,18.2,17.46,4.54,-2.02
2020-08-07,17.84,17.86,18,17.62,2.59,0
2020-08-06,18.92,17.86,18.92,17.54,6.22,-2.51
2020-08-05,18.82,18.32,19.08,18.04,7.44,-2.03
2020-08-04,18.5,18.7,19.2,18.16,5.73,2.97
2020-08-03,19.8,18.16,20,18.04,7.89,-6.87
2020-07-31,19.52,19.5,20.4,19.3,4.17,-0.61
2020-07-30,20.9,19.62,20.9,19.4,5.72,-6.12
2020-07-29,20.35,20.9,20.95,19.88,3,2.7
2020-07-28,20.45,20.35,20.8,19.84,6.75,-0.25
2020-07-27,21.3,20.4,21.3,20.15,4.79,-3.77
2020-07-24,21.1,21.2,21.55,20.7,2.72,0.71
2020-07-23,22,21.05,22,21.05,5.97,-4.32
2020-07-22,22.3,22,22.45,21.85,5.6,-0.45
2020-07-21,22.15,22.1,22.85,21.75,3.74,0
2020-07-20,22.2,22.1,22.3,21.1,5.46,2.31
2020-07-17,22.2,21.6,22.25,21.6,2.77,-2.7
2020-07-16,22.5,22.2,22.5,22,2.51,0
2020-07-15,22.15,22.2,22.35,22,2.09,0.91
2020-07-14,22.35,22,22.35,21.55,3.9,-1.57
2020-07-13,22.5,22.35,22.7,22.2,2.25,-0.22
2020-07-10,22,22.4,22.4,21.15,2.95,4.67
2020-07-09,22.7,21.4,22.7,21.4,5.2,-5.1
2020-07-08,22.5,22.55,22.7,22.15,3.49,0.22
2020-07-07,23.25,22.5,23.35,22.45,5.21,-3.02
2020-07-06,23.1,23.2,23.55,23.1,4.9,0.43
2020-07-03,23.65,23.1,23.65,22.7,2.19,0.22
2020-07-02,22.5,23.05,23.5,22.4,4.08,3.13
2020-07-01,22.5,22.35,22.8,22,5.31,-1.97
2020-06-30,23.9,22.8,23.9,22.25,8.24,-2.56
2020-06-29,22.6,23.4,23.4,22.5,3.81,3.54
2020-06-26,23.9,22.6,24.1,22,12.98,-4.24
2020-06-25,24.5,23.6,24.8,23.3,12.67,-4.84
2020-06-24,26,24.8,26.05,24.65,12.84,-3.5
2020-06-23,26.05,25.7,26.45,25.55,10.2,-1.15
2020-06-22,25.8,26,26.5,25.5,10.8,0.97
2020-06-19,25.9,25.75,26.1,25.35,10.23,0.98
2020-06-18,26,25.5,26,25.3,12.01,-1.92
2020-06-17,26.4,26,26.4,25.65,5.32,0
2020-06-16,26.4,26,26.65,25.8,11.99,2.56
2020-06-15,26.4,25.35,26.45,25,11.63,-4.88
2020-06-12,27.2,26.65,27.7,25.25,12.04,-7.3
2020-06-11,28.75,28.75,28.75,28.75,0,0
2020-06-09,28.8,28.75,29.2,28.6,10.1,0.52
2020-06-08,29.25,28.6,29.3,28.35,12.5,1.06
2020-06-05,27.25,28.3,28.7,27.25,21.54,4.04
2020-06-04,27.75,27.2,28.15,26.85,10.38,-1.27
2020-06-03,26.65,27.55,27.75,26.3,12.08,5.96
2020-06-02,25.65,26,26.75,25.65,13.32,1.36
2020-06-01,26.6,25.65,26.85,25.6,15.9,-2.47
2020-05-29,26.95,26.3,27.8,25.55,198.84,-2.59
2020-05-28,28.2,27,29,26.7,12.25,-3.23
2020-05-27,27.3,27.9,28.4,26.9,24.68,2.95
2020-05-26,26.9,27.1,27.45,26.5,14.69,1.12
2020-05-25,25.25,26.8,26.85,24.95,8.82,7.41
2020-05-22,25.15,24.95,25.25,24.55,7.4,-0.2
2020-05-21,24.3,25,25.2,24.1,9.46,2.88
2020-05-20,24.15,24.3,24.95,23.9,9.8,1.25
2020-05-19,25.25,24,25.45,23.8,15.43,-4.19
2020-05-18,24.1,25.05,25.75,23.8,9.72,-4.02
2020-05-15,26,26.1,26.5,25.75,6.16,0.97
2020-05-14,26.1,25.85,26.8,24.8,11.52,-0.19
2020-05-13,26,25.9,28.3,25.5,24.94,-1.89
2020-05-12,25.2,26.4,27,24.65,11.63,6.24
2020-05-11,25.5,24.85,26.1,24.85,8.46,-0.2
2020-05-08,25.15,24.9,26.1,24.6,9.79,0.2
2020-05-07,25.6,24.85,25.85,24.2,11.31,-2.93
2020-05-06,27.45,25.6,27.45,25.55,9.73,-5.54
2020-05-05,26.95,27.1,27.5,26.25,11.04,2.65
2020-05-04,27.1,26.4,27.1,25.4,7.82,-3.47
2020-04-30,26.75,27.35,27.5,26,16.73,6.21
2020-04-29,24,25.75,26.4,22.6,17.76,9.81
2020-04-28,24.5,23.45,24.5,23,12.28,-3.1
2020-04-27,25.85,24.2,26.8,23.75,11.34,-3.39
2020-04-24,25.35,25.05,25.9,25.05,4.87,-0.99
2020-04-23,25.1,25.3,25.95,24.8,8.27,2.43
2020-04-22,24.9,24.7,25.6,24.65,7.3,-1.2
2020-04-21,25.4,25,25.8,24.55,8.59,-0.99
2020-04-20,26,25.25,27.1,24.45,9.71,-0.98
2020-04-17,27,25.5,27,25,8.28,-2.86
2020-04-16,28.6,26.25,28.95,26.25,9.59,-8.54
2020-04-15,30,28.7,31.25,26.1,18.53,-4.01
2020-04-14,27.3,29.9,31.8,25.8,33.1,20.32
2020-04-13,24.85,24.85,24.85,24.85,0,0
2020-04-10,24.85,24.85,24.85,24.85,0,0
2020-04-09,22.5,24.85,24.85,22.5,20.77,10.44
2020-04-08,23.45,22.5,23.45,21.7,8.15,-0.88
2020-04-07,20.9,22.7,23.85,20.35,18.6,16.41
2020-04-06,19.8,19.5,19.84,18.94,11.98,0.52
2020-04-03,18.74,19.4,19.88,18.64,4.41,3.74
2020-04-02,18.8,18.7,18.82,18.32,2.65,0
2020-04-01,19.08,18.7,19.5,18.6,5.27,1.08
2020-03-31,18.68,18.5,18.94,18.5,4.5,-0.96
2020-03-30,19.5,18.68,19.5,17.9,9.49,-1.68
2020-03-27,19,19,20.75,18.32,12.77,2.7
2020-03-26,19.38,18.5,19.38,18.4,3.63,-0.54
2020-03-25,20,18.6,20.4,18.12,4.58,-2
2020-03-24,21,18.98,21,18.98,4.73,-5.1
2020-03-23,20.2,20,21.9,19.7,9.95,-9.5
2020-03-20,25.5,22.1,25.75,21,11.61,-7.92
2020-03-19,24,24,24,21.6,9.01,4.35
2020-03-18,19,23,23.25,19,5.1,21.05
2020-03-17,20.1,19,21.3,18.2,6.95,-4.04
2020-03-16,20,19.8,20.75,18.9,12.35,-12
2020-03-13,24.5,22.5,24.5,19.86,11.87,-31.09
2020-03-12,32.65,32.65,32.65,32.65,0,0
2020-03-11,32.65,32.65,32.65,32.65,0,0
2020-03-10,35.1,32.65,35.8,32.45,8.68,-7.24
2020-03-09,35,35.2,35.2,32.6,19.21,-4.09
2020-03-06,38.4,36.7,38.5,36.05,10.91,-6.38
2020-03-05,39.85,39.2,40.2,39,5.78,0.77
2020-03-04,41,38.9,41,38.7,9.22,-1.64
2020-03-03,38.4,39.55,40.25,38.4,8.96,1.67
2020-03-02,39.95,38.9,40.35,38.1,12.99,-2.87
2020-02-28,37.6,40.05,40.05,36.95,11.32,1.65
2020-02-27,41.75,39.4,41.75,39.05,14.02,-3.31
2020-02-26,43.4,40.75,43.4,40.75,11.62,-7.18
2020-02-25,44.6,43.9,47.35,43.5,6.39,-4.36
2020-02-24,47.5,45.9,47.5,45.65,3.88,-4.57
2020-02-21,48.5,48.1,48.7,47.7,5.3,0.21
2020-02-20,47.3,48,49.45,47.3,7.08,0.84
2020-02-19,47.5,47.6,48,47,3.87,0.42
2020-02-18,48.2,47.4,48.2,46.6,2.25,-0.63
2020-02-17,48.3,47.7,48.3,47.55,0.24,0.42
2020-02-14,47.5,47.5,48.3,47.2,5.03,-0.63
2020-02-13,47.5,47.8,47.8,46.85,1.45,0.63
2020-02-12,46.6,47.5,48,45.7,6.96,1.6
2020-02-11,47.1,46.75,47.6,46.75,1.05,-0.74
2020-02-10,46.15,47.1,47.55,46.05,3.2,1.29
2020-02-07,47.2,46.5,47.2,46.35,1.5,-1.8
2020-02-06,49.8,47.35,49.8,47.3,3.38,-2.87
2020-02-05,49.15,48.75,49.8,48.3,2.79,-0.81
2020-02-04,47.2,49.15,50.9,46.85,20.58,4.57
2020-02-03,48,47,48,47,5.13,-2.29
2020-01-31,48.15,48.1,48.15,46.8,9.19,-0.1
2020-01-30,47.8,48.15,48.45,46.65,4.27,1.16
2020-01-29,46,47.6,47.7,46,1.54,3.25
2020-01-28,45.5,46.1,46.8,45.5,1.79,-0.65
2020-01-27,47.2,46.4,47.2,45.8,1.01,-1.28
2020-01-24,46.95,47,47.2,46.5,1.21,0.11
2020-01-23,45.9,46.95,46.95,45.9,8.01,2.4
2020-01-22,46.15,45.85,46.8,45.85,3.33,-0.65
2020-01-21,46,46.15,46.9,45.8,0.92,-0.75
2020-01-20,45.6,46.5,47,45.6,5.31,0.76
2020-01-17,46.5,46.15,46.85,46.1,2.85,-1.6
2020-01-16,46.85,46.9,47,45.6,2.79,0.11
2020-01-15,47,46.85,47.3,46.05,10.05,0.21
2020-01-14,45.4,46.75,47,45.05,10.25,2.97
2020-01-13,45.5,45.4,45.5,44.75,2.24,-0.22
2020-01-10,45,45.5,45.5,44.5,2.62,0.89
2020-01-09,45,45.1,45.1,44.15,4.58,0.56
2020-01-08,44.45,44.85,44.85,43.85,3.27,0.9
2020-01-07,43.5,44.45,44.45,43.3,15.4,2.18
2020-01-03,44,43.5,44,43.3,5.85,-1.14
2020-01-02,43,44,44,43,7.63,1.62
2019-12-31,43.3,43.3,43.3,43.3,0,0
2019-12-30,44,43.3,44.4,42.9,10.2,-1.59
2019-12-27,43.7,44,44,43.2,4.85,0.11
2019-12-24,43.95,43.95,43.95,43.95,0,0
2019-12-23,43.1,43.95,44,42.45,4.59,2.33
2019-12-20,42.75,42.95,43.45,42.5,9.79,0.23
2019-12-19,42.5,42.85,43.25,42.1,3.02,0.71
2019-12-18,44.2,42.55,44.35,42.55,11.38,-4.17
2019-12-17,45.05,44.4,45.2,43.85,16.65,-1.99
2019-12-16,45.45,45.3,45.65,45.1,2.62,-0.33
2019-12-13,45.6,45.45,46.5,45.05,2.7,-0.11
2019-12-12,46,45.5,46.45,45.05,4.98,-1.62
2019-12-11,46.1,46.25,46.4,45.5,9.6,-0.86
2019-12-10,46.7,46.65,47,46,2.59,-1.17
2019-12-09,47,47.2,47.2,46.5,12.05,0
2019-12-06,46.95,47.2,47.2,46.65,9.88,0.43
2019-12-05,46.35,47,47.05,46.05,9.83,1.4
2019-12-04,46.05,46.35,47,46.05,10.19,-0.11
2019-12-03,46.95,46.4,47.2,45.6,11.84,-1.28
2019-12-02,46.6,47,47,45.25,6.72,0
2019-11-29,45.65,47,47,45.2,17.36,2.96
2019-11-28,45.75,45.65,45.9,44.95,6.4,0.33
2019-11-27,44.9,45.5,45.5,44.5,10.98,0.89
2019-11-26,45.5,45.1,45.5,43.8,325.63,-0.11
2019-11-25,45.8,45.15,45.9,44.8,10.18,-0.55
2019-11-22,45,45.4,45.5,44.5,13.18,1.45
2019-11-21,45,44.75,45,44.2,9.19,0
2019-11-20,45,44.75,45.3,44.6,9.79,-0.11
2019-11-19,44.8,44.8,46.55,44.6,9.99,0.45
2019-11-18,45.25,44.6,45.5,44.15,11.58,-0.67
2019-11-15,45.75,44.9,45.9,44.65,12.04,-1.21
2019-11-14,47.9,45.45,47.9,45.05,28.78,-4.72
2019-11-13,47.95,47.7,48,47.55,18.06,-0.52
2019-11-12,48,47.95,48.3,47.4,23.39,-0.1
2019-11-08,48,48,49.25,47.5,40.69,2.45
2019-11-07,47.25,46.85,48.45,46.7,7.83,-0.85
2019-11-06,47.2,47.25,47.75,47.2,8.58,0.11
2019-11-05,47.3,47.2,47.45,46.9,7.57,-0.21
2019-11-04,47.3,47.3,47.85,47.05,7.95,0
2019-10-31,47.5,47.3,48.15,47.2,10.7,0.21
2019-10-30,47,47.2,47.85,46.6,15.36,1.07
2019-10-29,46.4,46.7,47,46.4,10.59,1.08
2019-10-28,46.25,46.2,46.3,45.55,5.87,0.43
2019-10-25,45.2,46,46.8,45.2,11.95,2
2019-10-24,46.95,45.1,46.95,44.85,5.77,0.11
2019-10-23,45,45.05,45.8,44.4,5.03,0.67
2019-10-22,46.95,44.75,46.95,44.35,12.24,-2.72
2019-10-21,47,46,47.05,45.6,8.34,-2.13
2019-10-18,47.8,47,47.8,46.4,5.46,-1.88
2019-10-17,47.3,47.9,48,47.3,12.79,0.74
2019-10-16,46.25,47.55,47.8,46.25,9.35,2.48
2019-10-15,46.35,46.4,46.85,46.15,7.67,0.87
2019-10-14,45.65,46,46.5,45.55,6.46,-0.43
2019-10-11,46.45,46.2,46.45,45.75,8.03,0.43
2019-10-10,45.1,46,46.5,44.8,8.1,1.43
2019-10-09,45.8,45.35,45.8,44.7,6.12,0
2019-10-08,44.8,45.35,45.95,44.3,6.61,1.23
2019-10-07,44,44.8,44.8,43.85,4.56,1.7
2019-10-04,44.5,44.05,44.5,43.75,5.86,-0.56
2019-10-03,44,44.3,44.5,42.9,6.89,0
2019-10-02,44.3,44.3,44.9,44.15,6.5,-1.01
2019-10-01,44.95,44.75,45,44.5,2.48,-0.11
2019-09-30,45,44.8,45,44.5,5.67,-0.44
2019-09-27,45,45,45.1,44.7,3.7,0.11
2019-09-26,44.55,44.95,45.2,44.5,7.95,-0.22
2019-09-25,44.2,45.05,45.05,44.05,2.6,1.69
2019-09-24,44.4,44.3,44.4,44.1,2.42,-0.23
2019-09-23,44.3,44.4,44.9,43.7,3.76,-0.22
2019-09-20,44.95,44.5,44.95,43.7,5.65,-1
2019-09-19,44,44.95,45.2,44,5.65,1.35
2019-09-18,43.3,44.35,44.5,43.3,5.06,2.42
2019-09-17,43.2,43.3,43.4,43,7.2,0.23
2019-09-16,43.4,43.2,43.45,43,3.47,-0.12
2019-09-13,43.65,43.25,43.95,43.25,3.51,-0.92
2019-09-12,43.3,43.65,43.65,43.2,2.14,0.23
2019-09-11,43.4,43.55,43.55,42.65,3.61,0.35
2019-09-10,43.35,43.4,43.4,43.15,1.45,0
2019-09-09,42.3,43.4,43.5,42.3,6.05,2.12
2019-09-06,42.5,42.5,42.65,41.75,3.12,0
2019-09-05,42,42.5,42.5,41.6,4.81,1.92
2019-09-04,41,41.7,42.2,41,7.17,0.48
2019-09-02,41,41.5,41.9,40.95,1.67,0.73
2019-08-30,39.8,41.2,41.5,39.8,6.1,3.52
2019-08-29,40.35,39.8,40.35,38.8,1.98,0.76
2019-08-28,40,39.5,40.5,39.5,3.11,-2.23
2019-08-27,39.95,40.4,40.5,39.6,0.99,2.28
2019-08-26,40,39.5,40.25,39.5,1.26,-2.23
2019-08-23,39.7,40.4,40.4,39.15,1.17,1.76
2019-08-22,39.75,39.7,39.85,39.35,0.15,1.15
2019-08-21,39.9,39.25,39.9,38.95,0.54,0.64
2019-08-20,40.5,39,40.5,38.5,0.72,0.78
2019-08-19,38.45,38.7,39.2,38.45,0.42,1.57
2019-08-16,39.4,38.1,39.65,38.1,0.33,-3.3
2019-08-14,40.15,39.4,40.15,39.2,1.35,-1.99
2019-08-13,39.3,40.2,40.4,38.3,1.54,2.55
2019-08-12,39.95,39.2,40.1,39,1.23,-0.25
2019-08-09,39.85,39.3,40.5,39.3,1.13,-2.72
2019-08-08,39.9,40.4,40.4,39.85,0.9,0.87
2019-08-07,40,40.05,40.55,39.9,1.2,1.14
2019-08-06,39.4,39.6,40.1,39.05,0.36,1.54
2019-08-05,39.9,39,39.9,38.9,1.21,-2.5
2019-08-02,40.75,40,40.75,40,1.02,-1.84
2019-08-01,40,40.75,40.85,40,2.35,0.74
2019-07-31,40.1,40.45,40.6,39.7,1.37,0.12
2019-07-30,40.4,40.4,40.65,39.95,1.02,0.5
2019-07-29,40.8,40.2,40.8,39.6,1.27,-0.37
2019-07-26,40.25,40.35,40.9,39.1,6.88,1.25
2019-07-25,40.6,39.85,40.6,39.05,0.66,-1.73
2019-07-24,40.5,40.55,40.6,40.1,0.37,0.25
2019-07-23,40.1,40.45,40.45,39.9,0.24,0.37
2019-07-22,39.65,40.3,40.55,39.4,1.46,2.03
2019-07-19,39,39.5,39.65,38.75,0.53,-0.38
2019-07-18,38.4,39.65,39.8,37.25,1.56,3.12
2019-07-17,38.6,38.45,39.1,38.4,2.93,-1.16
2019-07-16,38.55,38.9,38.9,38.45,0.86,-0.64
2019-07-15,39,39.15,39.15,38.4,1.28,0
2019-07-12,38.15,39.15,39.15,38.1,1.54,2.62
2019-07-11,37.65,38.15,39,37.65,2.93,1.06
2019-07-10,37.7,37.75,38,37.35,0.75,-0.66
2019-07-09,37.3,38,38.1,37.3,0.4,1.2
2019-07-08,38,37.55,38,37.4,2.21,-1.18
2019-07-05,37.95,38,38,37.1,2.95,0.13
2019-07-04,37.65,37.95,38.05,37.1,1.07,0.93
2019-07-03,37.5,37.6,37.7,36.25,5.79,0
2019-07-02,37.9,37.6,38,37.3,3.89,-0.53
2019-07-01,36.2,37.8,38.05,36.05,1.47,4.13
2019-06-28,36.95,36.3,37.3,36.05,1.34,-1.76
2019-06-27,36.9,36.95,37.4,36.85,1.18,0.14
2019-06-26,37,36.9,37.1,36.85,1.43,-0.27
2019-06-25,38.4,37,38.4,36.9,0.64,-2.12
2019-06-24,38.2,37.8,38.65,37.65,0.38,-2.45
2019-06-21,38.25,38.75,38.95,37,2.52,0.52
2019-06-19,38,38.55,38.85,38,0.54,1.45
2019-06-18,37.55,38,38.3,37.55,4.14,0.8
2019-06-17,37.4,37.7,38,37.4,1.44,-0.66
2019-06-14,37.9,37.95,38.35,37.8,0.89,-0.39
2019-06-13,37.4,38.1,38.4,37.1,0.56,2.01
2019-06-12,37.95,37.35,37.95,37.25,2.21,-0.66
2019-06-11,37.7,37.6,38,36.15,1.27,-0.27
2019-06-10,38,37.7,38.65,37.55,2.31,-0.79
2019-06-07,38.05,38,38.15,37.9,0.95,-0.13
2019-06-06,38.5,38.05,38.5,37.8,2.73,0.13
2019-06-05,38.65,38,38.65,38,2.77,-1.68
2019-06-04,38.6,38.65,39,38.5,2.76,0.65
2019-06-03,38.55,38.4,38.6,38.25,1.41,0.26
2019-05-31,38.3,38.3,38.45,37.9,4,-0.13
2019-05-30,39,38.35,39,38.25,1.49,-1.67
2019-05-29,37.5,39,39,37.5,0.72,3.04
2019-05-28,38.95,37.85,39.15,37.85,1.86,-2.2
2019-05-27,38,38.7,38.8,38,0.85,1.84
2019-05-24,37,38,38.5,37,0.49,2.98
2019-05-23,37.75,36.9,38,36.9,0.59,-2.12
2019-05-22,38.8,37.7,38.8,37.6,0.89,-0.79
2019-05-21,37.1,38,38.5,37.1,2.35,1.33
2019-05-20,37.9,37.5,39.4,37.4,0.63,-2.34
2019-05-17,38.2,38.4,38.65,37.1,1.12,0.92
2019-05-16,38,38.05,38.8,37.9,0.79,-1.42
2019-05-15,37.5,38.6,38.9,37,7.74,2.93
2019-05-14,38.15,37.5,38.45,37,1.44,-1.57
2019-05-13,38.8,38.1,38.8,38.05,2.21,-1.8
2019-05-10,38.5,38.8,39.4,37.65,4.21,0.39
2019-05-09,40.4,38.65,40.4,38.1,9.13,-5.15
2019-05-08,40.8,40.75,41.15,40.5,6.3,0.37
2019-05-07,40.2,40.6,41.15,40.2,4.97,-0.98
2019-05-06,41.2,41,41.2,40,0.99,0.49
2019-05-02,41.25,40.8,41.4,40.5,0.68,-1.09
2019-04-30,41.5,41.25,41.5,39.7,3.6,1.35
2019-04-29,41.2,40.7,41.9,40.4,5.32,-1.81
2019-04-26,40.7,41.45,42.1,40.65,5.72,1.84
2019-04-25,40.5,40.7,41.2,40.4,5.78,-0.73
2019-04-24,40.2,41,41.6,39.55,8.97,2.76
2019-04-23,40.2,39.9,40.2,39.6,1.04,-0.87
2019-04-22,40.25,40.25,40.25,40.25,0,0
2019-04-19,40.25,40.25,40.25,40.25,0,0
2019-04-18,40.2,40.25,40.9,39.6,1.77,-0.37
2019-04-17,40.6,40.4,41,40.2,1.94,-0.12
2019-04-16,40.2,40.45,40.95,40.1,1.25,0.87
2019-04-15,40.8,40.1,41,39.7,1.27,-2.2
2019-04-12,41.35,41,41.55,40.55,8.08,-1.91
2019-04-11,41.8,41.8,42,41,0.81,0
2019-04-10,42.8,41.8,42.8,41.5,1.92,-1.07
2019-04-09,41.7,42.25,42.25,41.7,1.33,0.36
2019-04-08,42.5,42.1,42.8,42,4.77,-0.94
2019-04-05,42.3,42.5,42.95,42.3,5.54,0
2019-04-04,42,42.5,42.8,42,12.42,1.19
2019-04-03,41.5,42,42.8,41.1,26.41,1.94
2019-04-02,41.8,41.2,42,41,9.8,0
2019-04-01,41.6,41.2,41.9,40.7,4.33,-0.96
2019-03-29,43.35,41.6,43.35,41.25,25.92,-4.37
2019-03-28,44.5,43.5,45.6,43.5,23.95,-3.33
2019-03-27,45.1,45,45.5,44.65,3.33,-1.1
2019-03-26,44.5,45.5,45.5,44.5,3.26,2.13
2019-03-25,44.95,44.55,45,44.5,1.27,-1.44
2019-03-22,46.1,45.2,46.1,45,0.9,-1.74
2019-03-21,46,46,46.1,44.85,1.99,0.44
2019-03-20,45.15,45.8,46,44.6,5.38,0.99
2019-03-19,46.55,45.35,47,44.6,5.83,-4.12
2019-03-18,47,47.3,47.55,46.7,7.45,0
2019-03-15,45.9,47.3,47.3,44.5,19.79,3.5
2019-03-14,45.6,45.7,45.7,44.4,2.39,-0.22
2019-03-13,43.1,45.8,45.9,43.1,17.47,5.29
2019-03-12,42.6,43.5,43.85,42,7.23,0.93
2019-03-11,43.5,43.1,43.5,43,5.89,0.23
2019-03-08,42.9,43,43.65,42.55,3.23,-1.15
2019-03-07,42.15,43.5,44,41.9,7.47,2.96
2019-03-06,40.6,42.25,42.45,40.6,25.53,1.81
2019-03-05,40.5,41.5,41.5,40.5,4.18,0.24
2019-03-04,40.7,41.4,41.5,40.5,1.28,0.98
2019-03-01,40.7,41,41.6,40.7,3.97,0.74
2019-02-28,39.75,40.7,40.7,39.75,1.49,0
2019-02-27,39.75,40.7,41,39.2,1.64,2.39
2019-02-26,40.45,39.75,40.5,39.6,0.7,-1.12
2019-02-25,39.5,40.2,40.5,39.5,2.47,2.29
2019-02-22,38.95,39.3,39.55,38.55,4.75,2.34
2019-02-21,38,38.4,39.4,37.65,3.03,1.05
2019-02-20,38.5,38,38.8,37.2,5.94,-1.3
2019-02-19,39,38.5,39.5,38.5,1.61,-1.28
2019-02-18,39,39,39.75,38.8,1.15,-0.51
2019-02-15,38.9,39.2,39.8,38.9,0.95,0
2019-02-14,39.55,39.2,40,38.5,3.03,-1.01
2019-02-13,40.8,39.6,41.85,39.6,4.09,-2.94
2019-02-12,40.1,40.8,42.5,40.1,8.89,-0.49
2019-02-11,41,41,41.1,39.6,3.55,0
2019-02-08,40.6,41,42,39.8,2.19,2.5
2019-02-07,40,40,40.8,39.55,2.82,0
2019-02-06,39.25,40,40.25,39.25,2.2,2.3
2019-02-05,38.4,39.1,39.4,38.1,1.73,1.3
2019-02-04,39.5,38.6,39.5,38.15,0.51,-1.03
2019-02-01,39.6,39,39.7,38.75,0.84,-1.27
2019-01-31,38.5,39.5,39.6,38.2,0.95,2.73
2019-01-30,39.55,38.45,39.8,37.7,2.09,-2.16
2019-01-29,39.05,39.3,39.85,39.05,2.04,0.26
2019-01-28,39.9,39.2,39.9,37.5,1.85,-1.26
2019-01-25,37.95,39.7,39.7,37.95,4.12,4.61
2019-01-24,37.1,37.95,39,37.1,1.87,2.57
2019-01-23,36.9,37,37.5,36.7,8.73,0.14
2019-01-22,38.6,36.95,38.6,36.75,1.33,-3.02
2019-01-21,39,38.1,39,38,0.45,-1.8
2019-01-18,39,38.8,39.3,38.45,0.79,-0.39
2019-01-17,39.4,38.95,39.4,38.75,0.29,-0.76
2019-01-16,39.7,39.25,39.7,38.95,3.15,-1.13
2019-01-15,39.15,39.7,39.7,39.1,1.13,0.63
2019-01-14,38.1,39.45,39.6,38.1,1.28,2.47
2019-01-11,39.4,38.5,39.4,38.35,3.02,-0.9
2019-01-10,39.05,38.85,39.3,38.25,2.34,-0.89
2019-01-09,39.65,39.2,40,39.2,1.96,-1.75
2019-01-08,39.6,39.9,40.4,39.15,1.33,0
2019-01-07,39.95,39.9,40.1,39.75,1.54,0.38
2019-01-04,40,39.75,40.5,39.45,1.39,0.89
2019-01-03,39.4,39.4,40.1,39.1,2.33,-1.25
2019-01-02,40.8,39.9,40.8,39.1,1.6,-0.25
2018-12-31,40,40,40,40,0,0
2018-12-28,39.05,40,40.35,39.05,1.86,2.43
2018-12-27,38.2,39.05,39.75,38.2,1.44,2.23
2018-12-24,38.2,38.2,38.2,38.2,0,0
2018-12-21,38.9,38.2,39.7,38.05,6.85,-2.55
2018-12-20,39.8,39.2,40.15,38.35,4.14,-3.09
2018-12-19,40.5,40.45,41.2,39,9.86,-0.12
2018-12-18,40.7,40.5,41.3,40.4,3.31,-0.49
2018-12-17,41.7,40.7,42.1,40.4,2.44,-2.63
2018-12-14,42,41.8,43.3,41.5,2.21,-1.65
2018-12-13,40.5,42.5,42.9,40.05,3.87,4.94
2018-12-12,40.5,40.5,40.65,39.85,2.26,-0.12
2018-12-11,40.35,40.55,40.7,39.6,5.51,0.5
2018-12-10,40.9,40.35,40.9,39.45,0.93,-0.37
2018-12-07,39.45,40.5,40.8,39.45,3.68,1
2018-12-06,39.4,40.1,41.4,38.9,2.1,1.78
2018-12-05,38.55,39.4,39.8,38.55,0.86,-0.51
2018-12-04,38,39.6,39.9,38,1.46,4.21
2018-12-03,36.5,38,38.5,36.5,4.5,3.97
2018-11-30,36.2,36.55,37.4,35.15,5.48,0
2018-11-29,37.1,36.55,37.1,36.1,4.3,0.69
2018-11-28,36.5,36.3,36.8,35.25,4.96,-0.55
2018-11-27,36.8,36.5,36.8,35.9,2.05,-1.75
2018-11-26,38,37.15,39,36.65,0.93,-0.8
2018-11-23,36.65,37.45,38.4,36.65,4.2,0
2018-11-22,37.9,37.45,37.9,36.5,6.94,-0.79
2018-11-21,38,37.75,38.5,36.95,7.32,-0.13
2018-11-20,38.4,37.8,39.85,37.05,3.81,0.27
2018-11-19,39.25,37.7,39.45,37.7,2.68,-3.46
2018-11-16,40.95,39.05,41.75,38.7,3.53,-3.94
2018-11-15,41.2,40.65,41.5,40.05,2.43,-0.85
2018-11-14,41.6,41,41.6,39.2,3.88,-1.91
2018-11-13,42,41.8,44,41,3.61,-2.11
2018-11-12,42.7,42.7,42.7,42.7,0,0
2018-11-09,42.3,42.7,45.4,40.6,5.51,-0.35
2018-11-08,43.1,42.85,43.45,41.5,2.96,-1.95
2018-11-07,39.8,43.7,44.8,39.65,13.31,9.25
2018-11-06,40,40,40.4,39.3,6.57,0
2018-11-05,40,40,40,39.6,4.2,0
2018-11-02,40.25,40,41,39.9,4.78,0.76
2018-10-31,40.2,39.7,40.2,39,8.13,-1.24
2018-10-30,40.3,40.2,40.75,39.65,9.68,-0.74
2018-10-29,40.5,40.5,40.5,40.2,7.06,-0.37
2018-10-25,38.5,40.65,40.9,38.35,3.19,1.63
2018-10-24,40,40,40.4,40,7.93,0
2018-10-23,40.2,40,40.85,39.9,8.47,0.25
2018-10-22,41.05,39.9,41.4,39.9,8.4,-2.68
2018-10-19,41.65,41,42.2,40.5,3.49,-2.61
2018-10-18,43,42.1,43.05,41.7,12.56,-2.09
2018-10-17,43.1,43,43.7,42.75,4.51,-1.6
2018-10-16,44.3,43.7,44.75,43,9.9,-2.24
2018-10-15,46.4,44.7,46.45,44.15,5.96,-1.97
2018-10-12,42.5,45.6,47.45,42.5,18.54,11.9
2018-10-11,40.5,40.75,41.95,40.35,2.62,-1.81
2018-10-10,44.7,41.5,44.7,41.5,3.96,0
